edge_type,property,count
ACQUIRED_BY,acquired_date,10
ACQUIRED_BY,acquisition_price_usd,3
ACQUIRED_BY,created_at,11
ACQUIRED_BY,currency,3
ACQUIRED_BY,date_basis,10
ACQUIRED_BY,date_precision,10
ACQUIRED_BY,description,11
ACQUIRED_BY,description_generated_at,11
ACQUIRED_BY,description_input_hash,10
ACQUIRED_BY,description_provenance,11
ACQUIRED_BY,description_source,10
ACQUIRED_BY,description_upgrade_pending,10
ACQUIRED_BY,source,11
ACQUIRED_BY,updated_at,11
ACQUIRED_BY,uuid,11
ACQUIRED_BY,valid_from,10
ACQUIRED_BY,weight,11
ADVISOR_TO,created_at,214
ADVISOR_TO,description,214
ADVISOR_TO,description_generated_at,27
ADVISOR_TO,description_input_hash,27
ADVISOR_TO,description_provenance,27
ADVISOR_TO,description_source,27
ADVISOR_TO,description_upgrade_pending,27
ADVISOR_TO,seniority_level,214
ADVISOR_TO,source,214
ADVISOR_TO,title,214
ADVISOR_TO,total_roles,214
ADVISOR_TO,updated_at,214
ADVISOR_TO,uuid,214
ADVISOR_TO,valid_from,213
ADVISOR_TO,valid_to,4
ADVISOR_TO,weight,214
APPEARED_IN,confidence,12
APPEARED_IN,created_at,12
APPEARED_IN,description,12
APPEARED_IN,description_generated_at,12
APPEARED_IN,evidence,12
APPEARED_IN,evidence_refs,12
APPEARED_IN,provider,12
APPEARED_IN,role,12
APPEARED_IN,source_names,12
APPEARED_IN,source_published,12
APPEARED_IN,source_urls,12
APPEARED_IN,title,12
APPEARED_IN,updated_at,12
APPEARED_IN,uuid,12
APPEARED_IN,valid_from,10
APPEARED_IN,weight,12
ATTENDED,activities_societies,94
ATTENDED,created_at,1798
ATTENDED,degree,1157
ATTENDED,description,1798
ATTENDED,description_generated_at,401
ATTENDED,description_input_hash,401
ATTENDED,description_provenance,401
ATTENDED,description_source,401
ATTENDED,description_upgrade_pending,401
ATTENDED,field_of_study,1208
ATTENDED,source,1798
ATTENDED,updated_at,1798
ATTENDED,uuid,1798
ATTENDED,valid_from,1422
ATTENDED,valid_to,1459
ATTENDED,weight,1798
AUTHORED,created_at,349
AUTHORED,description,122
AUTHORED,description_generated_at,91
AUTHORED,description_input_hash,91
AUTHORED,description_provenance,91
AUTHORED,description_source,91
AUTHORED,description_upgrade_pending,91
AUTHORED,updated_at,349
AUTHORED,uuid,349
AUTHORED,valid_from,335
AUTHORED,weight,349
BOARD_MEMBER_OF,compensation_usd,11
BOARD_MEMBER_OF,confidence,89
BOARD_MEMBER_OF,created_at,322
BOARD_MEMBER_OF,description,322
BOARD_MEMBER_OF,description_generated_at,172
BOARD_MEMBER_OF,description_input_hash,172
BOARD_MEMBER_OF,description_provenance,172
BOARD_MEMBER_OF,description_source,172
BOARD_MEMBER_OF,description_upgrade_pending,172
BOARD_MEMBER_OF,filing_refs,89
BOARD_MEMBER_OF,mention_ref,89
BOARD_MEMBER_OF,seniority_level,234
BOARD_MEMBER_OF,source,322
BOARD_MEMBER_OF,source_urls,89
BOARD_MEMBER_OF,title,322
BOARD_MEMBER_OF,title_as_filed,89
BOARD_MEMBER_OF,total_roles,234
BOARD_MEMBER_OF,updated_at,322
BOARD_MEMBER_OF,uuid,322
BOARD_MEMBER_OF,valid_from,322
BOARD_MEMBER_OF,valid_to,73
BOARD_MEMBER_OF,weight,322
CERTIFIED_BY,cert_type,77
CERTIFIED_BY,created_at,77
CERTIFIED_BY,description,10
CERTIFIED_BY,description_generated_at,10
CERTIFIED_BY,description_input_hash,10
CERTIFIED_BY,description_provenance,10
CERTIFIED_BY,description_source,10
CERTIFIED_BY,description_upgrade_pending,10
CERTIFIED_BY,updated_at,77
CERTIFIED_BY,uuid,77
CERTIFIED_BY,weight,77
COFOUNDED_WITH,confidence,78
COFOUNDED_WITH,created_at,78
COFOUNDED_WITH,description,78
COFOUNDED_WITH,description_generated_at,78
COFOUNDED_WITH,description_input_hash,32
COFOUNDED_WITH,description_provenance,32
COFOUNDED_WITH,description_source,32
COFOUNDED_WITH,description_upgrade_pending,32
COFOUNDED_WITH,evidence,78
COFOUNDED_WITH,evidence_refs,78
COFOUNDED_WITH,provider,78
COFOUNDED_WITH,relationship,78
COFOUNDED_WITH,source_names,78
COFOUNDED_WITH,source_published,78
COFOUNDED_WITH,source_urls,78
COFOUNDED_WITH,updated_at,78
COFOUNDED_WITH,uuid,78
COFOUNDED_WITH,valid_from,78
COFOUNDED_WITH,valid_to,14
COFOUNDED_WITH,via_domain,73
COFOUNDED_WITH,via_entity_uuid,57
COFOUNDED_WITH,via_key,78
COFOUNDED_WITH,via_organization,78
COFOUNDED_WITH,weight,78
COLLABORATORS,confidence,16
COLLABORATORS,created_at,16
COLLABORATORS,description,16
COLLABORATORS,description_generated_at,16
COLLABORATORS,description_input_hash,6
COLLABORATORS,description_provenance,6
COLLABORATORS,description_source,6
COLLABORATORS,description_upgrade_pending,6
COLLABORATORS,evidence,16
COLLABORATORS,evidence_refs,16
COLLABORATORS,provider,16
COLLABORATORS,relationship,16
COLLABORATORS,source_names,16
COLLABORATORS,source_published,16
COLLABORATORS,source_urls,16
COLLABORATORS,updated_at,16
COLLABORATORS,uuid,16
COLLABORATORS,valid_from,16
COLLABORATORS,valid_to,5
COLLABORATORS,via_domain,16
COLLABORATORS,via_entity_uuid,9
COLLABORATORS,via_key,16
COLLABORATORS,via_organization,16
COLLABORATORS,weight,16
COLLEAGUES_AT,confidence,57
COLLEAGUES_AT,created_at,57
COLLEAGUES_AT,description,57
COLLEAGUES_AT,description_generated_at,57
COLLEAGUES_AT,description_input_hash,20
COLLEAGUES_AT,description_provenance,20
COLLEAGUES_AT,description_source,20
COLLEAGUES_AT,description_upgrade_pending,20
COLLEAGUES_AT,evidence,57
COLLEAGUES_AT,evidence_refs,57
COLLEAGUES_AT,provider,57
COLLEAGUES_AT,relationship,57
COLLEAGUES_AT,source_names,57
COLLEAGUES_AT,source_published,57
COLLEAGUES_AT,source_urls,57
COLLEAGUES_AT,updated_at,57
COLLEAGUES_AT,uuid,57
COLLEAGUES_AT,valid_from,55
COLLEAGUES_AT,valid_to,12
COLLEAGUES_AT,via_domain,56
COLLEAGUES_AT,via_entity_uuid,50
COLLEAGUES_AT,via_key,57
COLLEAGUES_AT,via_organization,57
COLLEAGUES_AT,weight,57
CONTRIBUTED_TO,created_at,206
CONTRIBUTED_TO,description,199
CONTRIBUTED_TO,description_generated_at,35
CONTRIBUTED_TO,description_input_hash,35
CONTRIBUTED_TO,description_provenance,35
CONTRIBUTED_TO,description_source,35
CONTRIBUTED_TO,description_upgrade_pending,35
CONTRIBUTED_TO,is_current,206
CONTRIBUTED_TO,updated_at,206
CONTRIBUTED_TO,uuid,206
CONTRIBUTED_TO,valid_from,167
CONTRIBUTED_TO,valid_to,142
CONTRIBUTED_TO,weight,206
CO_INVESTORS,confidence,18
CO_INVESTORS,created_at,18
CO_INVESTORS,description,18
CO_INVESTORS,description_generated_at,18
CO_INVESTORS,description_input_hash,15
CO_INVESTORS,description_provenance,15
CO_INVESTORS,description_source,15
CO_INVESTORS,description_upgrade_pending,15
CO_INVESTORS,evidence,18
CO_INVESTORS,evidence_refs,18
CO_INVESTORS,funding_round_uuid,5
CO_INVESTORS,provider,18
CO_INVESTORS,relationship,18
CO_INVESTORS,round,13
CO_INVESTORS,source_names,18
CO_INVESTORS,source_published,18
CO_INVESTORS,source_urls,18
CO_INVESTORS,updated_at,18
CO_INVESTORS,uuid,18
CO_INVESTORS,valid_from,18
CO_INVESTORS,valid_to,18
CO_INVESTORS,via_entity_uuid,18
CO_INVESTORS,via_key,18
CO_INVESTORS,via_organization,18
CO_INVESTORS,weight,18
DEVELOPED_BY,active,4
DEVELOPED_BY,chosen_fact_ids,4
DEVELOPED_BY,company_role_record_ids,3
DEVELOPED_BY,created_at,4
DEVELOPED_BY,description,2
DEVELOPED_BY,description_generated_at,2
DEVELOPED_BY,development_role,4
DEVELOPED_BY,development_scopes,2
DEVELOPED_BY,evidence_ids,4
DEVELOPED_BY,excluded_from_scoring,4
DEVELOPED_BY,layer,4
DEVELOPED_BY,membership_record_ids,1
DEVELOPED_BY,policy_version,4
DEVELOPED_BY,projection_revision,4
DEVELOPED_BY,series_developer_record_ids,2
DEVELOPED_BY,source,4
DEVELOPED_BY,source_urls,4
DEVELOPED_BY,supporting_game_ids,1
DEVELOPED_BY,updated_at,4
DEVELOPED_BY,uuid,4
DEVELOPED_BY,weight,4
DISTRIBUTED_BY,created_at,12
DISTRIBUTED_BY,description,12
DISTRIBUTED_BY,description_generated_at,12
DISTRIBUTED_BY,source,12
DISTRIBUTED_BY,updated_at,12
DISTRIBUTED_BY,uuid,12
DISTRIBUTED_BY,weight,12
FOLLOW_ON_INVESTED_IN,created_at,217
FOLLOW_ON_INVESTED_IN,description,217
FOLLOW_ON_INVESTED_IN,description_generated_at,26
FOLLOW_ON_INVESTED_IN,description_input_hash,26
FOLLOW_ON_INVESTED_IN,description_provenance,26
FOLLOW_ON_INVESTED_IN,description_source,26
FOLLOW_ON_INVESTED_IN,description_upgrade_pending,26
FOLLOW_ON_INVESTED_IN,is_lead_investor,217
FOLLOW_ON_INVESTED_IN,updated_at,217
FOLLOW_ON_INVESTED_IN,uuid,217
FOLLOW_ON_INVESTED_IN,weight,217
FOUNDED,created_at,550
FOUNDED,description,550
FOUNDED,description_generated_at,126
FOUNDED,description_input_hash,126
FOUNDED,description_provenance,126
FOUNDED,description_source,126
FOUNDED,description_upgrade_pending,126
FOUNDED,seniority_level,432
FOUNDED,source,550
FOUNDED,title,550
FOUNDED,updated_at,550
FOUNDED,uuid,550
FOUNDED,valid_from,545
FOUNDED,valid_to,129
FOUNDED,weight,550
FROM_AREA,created_at,29
FROM_AREA,description,24
FROM_AREA,description_generated_at,24
FROM_AREA,description_input_hash,24
FROM_AREA,description_provenance,24
FROM_AREA,description_source,24
FROM_AREA,description_upgrade_pending,24
FROM_AREA,source,29
FROM_AREA,updated_at,29
FROM_AREA,uuid,29
FROM_AREA,weight,29
GRANTED_BY,created_at,77
GRANTED_BY,description,10
GRANTED_BY,description_generated_at,10
GRANTED_BY,description_input_hash,10
GRANTED_BY,description_provenance,10
GRANTED_BY,description_source,10
GRANTED_BY,description_upgrade_pending,10
GRANTED_BY,updated_at,77
GRANTED_BY,uuid,77
GRANTED_BY,weight,77
HAS_AWARD,active,3
HAS_AWARD,award_evidence_record_ids,3
HAS_AWARD,award_result,3
HAS_AWARD,chosen_fact_ids,3
HAS_AWARD,created_at,901
HAS_AWARD,description,3
HAS_AWARD,description_generated_at,3
HAS_AWARD,evidence_ids,3
HAS_AWARD,excluded_from_scoring,3
HAS_AWARD,layer,3
HAS_AWARD,policy_version,3
HAS_AWARD,projection_revision,3
HAS_AWARD,recognition_revision,3
HAS_AWARD,source,3
HAS_AWARD,source_urls,3
HAS_AWARD,updated_at,901
HAS_AWARD,uuid,901
HAS_AWARD,weight,901
HAS_CERTIFICATION,created_at,223
HAS_CERTIFICATION,description,26
HAS_CERTIFICATION,description_generated_at,26
HAS_CERTIFICATION,description_input_hash,26
HAS_CERTIFICATION,description_provenance,26
HAS_CERTIFICATION,description_source,26
HAS_CERTIFICATION,description_upgrade_pending,26
HAS_CERTIFICATION,updated_at,223
HAS_CERTIFICATION,uuid,223
HAS_CERTIFICATION,valid_from,193
HAS_CERTIFICATION,weight,223
HAS_EXPERTISE,confidence,4183
HAS_EXPERTISE,created_at,4183
HAS_EXPERTISE,depth,4183
HAS_EXPERTISE,description,1005
HAS_EXPERTISE,description_generated_at,1005
HAS_EXPERTISE,description_input_hash,1005
HAS_EXPERTISE,description_provenance,1005
HAS_EXPERTISE,description_source,1005
HAS_EXPERTISE,description_upgrade_pending,1005
HAS_EXPERTISE,evidence,4183
HAS_EXPERTISE,expertise_strength,4183
HAS_EXPERTISE,identified_as,4183
HAS_EXPERTISE,match_score,4183
HAS_EXPERTISE,match_type,4183
HAS_EXPERTISE,recency,4183
HAS_EXPERTISE,updated_at,4183
HAS_EXPERTISE,uuid,4183
HAS_EXPERTISE,weight,4183
HAS_INVESTMENT_THESIS,created_at,422
HAS_INVESTMENT_THESIS,description,422
HAS_INVESTMENT_THESIS,description_generated_at,136
HAS_INVESTMENT_THESIS,description_input_hash,136
HAS_INVESTMENT_THESIS,description_provenance,136
HAS_INVESTMENT_THESIS,description_source,136
HAS_INVESTMENT_THESIS,description_upgrade_pending,136
HAS_INVESTMENT_THESIS,name,422
HAS_INVESTMENT_THESIS,updated_at,422
HAS_INVESTMENT_THESIS,uuid,422
HAS_SUBDOMAIN,created_at,3559
HAS_SUBDOMAIN,description,3559
HAS_SUBDOMAIN,description_generated_at,3559
HAS_SUBDOMAIN,description_input_hash,716
HAS_SUBDOMAIN,description_provenance,716
HAS_SUBDOMAIN,description_source,716
HAS_SUBDOMAIN,description_upgrade_pending,716
HAS_SUBDOMAIN,updated_at,3559
HAS_SUBDOMAIN,uuid,3559
HAS_SUBDOMAIN,weight,3559
IMPRINT_OF,created_at,4
IMPRINT_OF,description,4
IMPRINT_OF,description_generated_at,4
IMPRINT_OF,source,4
IMPRINT_OF,updated_at,4
IMPRINT_OF,uuid,4
IMPRINT_OF,weight,4
INVESTED_IN,created_at,810
INVESTED_IN,date_basis,9
INVESTED_IN,description,810
INVESTED_IN,description_generated_at,135
INVESTED_IN,description_input_hash,135
INVESTED_IN,description_provenance,135
INVESTED_IN,description_source,135
INVESTED_IN,description_upgrade_pending,135
INVESTED_IN,investment_date,9
INVESTED_IN,is_lead_investor,810
INVESTED_IN,updated_at,810
INVESTED_IN,uuid,810
INVESTED_IN,weight,810
INVESTMENT_PARTNER_AT,created_at,134
INVESTMENT_PARTNER_AT,description,134
INVESTMENT_PARTNER_AT,description_generated_at,17
INVESTMENT_PARTNER_AT,description_input_hash,17
INVESTMENT_PARTNER_AT,description_provenance,17
INVESTMENT_PARTNER_AT,description_source,17
INVESTMENT_PARTNER_AT,description_upgrade_pending,17
INVESTMENT_PARTNER_AT,updated_at,134
INVESTMENT_PARTNER_AT,uuid,134
INVESTMENT_PARTNER_AT,weight,134
INVESTMENT_PARTNER_IN,created_at,156
INVESTMENT_PARTNER_IN,description,156
INVESTMENT_PARTNER_IN,description_generated_at,21
INVESTMENT_PARTNER_IN,description_input_hash,21
INVESTMENT_PARTNER_IN,description_provenance,21
INVESTMENT_PARTNER_IN,description_source,21
INVESTMENT_PARTNER_IN,description_upgrade_pending,21
INVESTMENT_PARTNER_IN,updated_at,156
INVESTMENT_PARTNER_IN,uuid,156
INVESTMENT_PARTNER_IN,weight,156
IN_COUNTRY,created_at,514
IN_COUNTRY,description,514
IN_COUNTRY,description_generated_at,4
IN_COUNTRY,description_input_hash,4
IN_COUNTRY,description_provenance,4
IN_COUNTRY,description_source,4
IN_COUNTRY,description_upgrade_pending,4
IN_COUNTRY,name,514
IN_COUNTRY,updated_at,514
IN_COUNTRY,uuid,514
IN_COUNTRY,weight,514
IN_GAME_SERIES,active,3
IN_GAME_SERIES,chosen_fact_ids,3
IN_GAME_SERIES,created_at,3
IN_GAME_SERIES,description,3
IN_GAME_SERIES,description_generated_at,3
IN_GAME_SERIES,description_input_hash,1
IN_GAME_SERIES,description_provenance,1
IN_GAME_SERIES,description_source,1
IN_GAME_SERIES,description_upgrade_pending,1
IN_GAME_SERIES,evidence_ids,3
IN_GAME_SERIES,excluded_from_scoring,3
IN_GAME_SERIES,layer,3
IN_GAME_SERIES,membership_record_ids,3
IN_GAME_SERIES,policy_version,3
IN_GAME_SERIES,projection_revision,3
IN_GAME_SERIES,series_ordinal,1
IN_GAME_SERIES,source,3
IN_GAME_SERIES,source_urls,3
IN_GAME_SERIES,updated_at,3
IN_GAME_SERIES,uuid,3
IN_GAME_SERIES,weight,3
IN_REGION,created_at,2179
IN_REGION,description,2179
IN_REGION,description_generated_at,28
IN_REGION,description_input_hash,28
IN_REGION,description_provenance,28
IN_REGION,description_source,28
IN_REGION,description_upgrade_pending,28
IN_REGION,name,2179
IN_REGION,updated_at,2179
IN_REGION,uuid,2179
IN_REGION,weight,2179
ISSUED_BY,created_at,31
ISSUED_BY,description,6
ISSUED_BY,description_generated_at,6
ISSUED_BY,description_input_hash,6
ISSUED_BY,description_provenance,6
ISSUED_BY,description_source,6
ISSUED_BY,description_upgrade_pending,6
ISSUED_BY,updated_at,31
ISSUED_BY,uuid,31
ISSUED_BY,weight,31
LEAD_INVESTED_IN,created_at,160
LEAD_INVESTED_IN,description,160
LEAD_INVESTED_IN,description_generated_at,23
LEAD_INVESTED_IN,description_input_hash,23
LEAD_INVESTED_IN,description_provenance,23
LEAD_INVESTED_IN,description_source,23
LEAD_INVESTED_IN,description_upgrade_pending,23
LEAD_INVESTED_IN,is_lead_investor,160
LEAD_INVESTED_IN,updated_at,160
LEAD_INVESTED_IN,uuid,160
LEAD_INVESTED_IN,weight,160
LOCATED_IN,created_at,1417
LOCATED_IN,description,301
LOCATED_IN,description_generated_at,301
LOCATED_IN,description_input_hash,265
LOCATED_IN,description_provenance,265
LOCATED_IN,description_source,301
LOCATED_IN,description_upgrade_pending,265
LOCATED_IN,location_writer,301
LOCATED_IN,source_address_ids,301
LOCATED_IN,updated_at,309
LOCATED_IN,uuid,1417
LOCATED_IN,valid_from,1417
LOCATED_IN,weight,1417
MARRIED_TO,confidence,3
MARRIED_TO,created_at,3
MARRIED_TO,description,3
MARRIED_TO,description_generated_at,3
MARRIED_TO,description_input_hash,1
MARRIED_TO,description_provenance,1
MARRIED_TO,description_source,1
MARRIED_TO,description_upgrade_pending,1
MARRIED_TO,evidence,3
MARRIED_TO,evidence_refs,3
MARRIED_TO,provider,3
MARRIED_TO,relationship,3
MARRIED_TO,source_names,3
MARRIED_TO,source_published,3
MARRIED_TO,source_urls,3
MARRIED_TO,updated_at,3
MARRIED_TO,uuid,3
MARRIED_TO,valid_from,2
MARRIED_TO,weight,3
MEMBER_OF,created_at,66
MEMBER_OF,description,66
MEMBER_OF,description_generated_at,64
MEMBER_OF,role,13
MEMBER_OF,seniority_level,2
MEMBER_OF,source,66
MEMBER_OF,title,2
MEMBER_OF,total_roles,2
MEMBER_OF,updated_at,66
MEMBER_OF,uuid,66
MEMBER_OF,valid_from,2
MEMBER_OF,valid_to,1
MEMBER_OF,weight,66
MENTOR,confidence,2
MENTOR,created_at,2
MENTOR,description,2
MENTOR,description_generated_at,2
MENTOR,evidence,2
MENTOR,evidence_refs,2
MENTOR,provider,2
MENTOR,relationship,2
MENTOR,source_names,2
MENTOR,source_published,2
MENTOR,source_urls,2
MENTOR,updated_at,2
MENTOR,uuid,2
MENTOR,valid_from,2
MENTOR,valid_to,1
MENTOR,via_domain,2
MENTOR,via_entity_uuid,1
MENTOR,via_key,2
MENTOR,via_organization,2
MENTOR,weight,2
NOMINATED_FOR,active,1
NOMINATED_FOR,award_result,1
NOMINATED_FOR,chosen_fact_ids,1
NOMINATED_FOR,created_at,321
NOMINATED_FOR,description,1
NOMINATED_FOR,description_generated_at,1
NOMINATED_FOR,evidence_ids,1
NOMINATED_FOR,excluded_from_scoring,1
NOMINATED_FOR,layer,1
NOMINATED_FOR,policy_version,1
NOMINATED_FOR,projection_revision,1
NOMINATED_FOR,recipient_record_ids,1
NOMINATED_FOR,recognition_revision,1
NOMINATED_FOR,source,1
NOMINATED_FOR,source_urls,1
NOMINATED_FOR,updated_at,321
NOMINATED_FOR,uuid,321
NOMINATED_FOR,weight,321
OFFICER_OF,compensation_usd,45
OFFICER_OF,confidence,55
OFFICER_OF,created_at,55
OFFICER_OF,description,55
OFFICER_OF,description_generated_at,37
OFFICER_OF,description_input_hash,37
OFFICER_OF,description_provenance,37
OFFICER_OF,description_source,37
OFFICER_OF,description_upgrade_pending,37
OFFICER_OF,filing_refs,55
OFFICER_OF,mention_ref,55
OFFICER_OF,role,55
OFFICER_OF,source,55
OFFICER_OF,source_urls,55
OFFICER_OF,title,55
OFFICER_OF,title_as_filed,55
OFFICER_OF,updated_at,55
OFFICER_OF,uuid,55
OFFICER_OF,valid_from,55
OFFICER_OF,valid_to,13
OFFICER_OF,weight,55
PUBLISHED_BY,active,2
PUBLISHED_BY,chosen_fact_ids,2
PUBLISHED_BY,created_at,12
PUBLISHED_BY,description,1
PUBLISHED_BY,description_generated_at,1
PUBLISHED_BY,evidence_ids,2
PUBLISHED_BY,excluded_from_scoring,2
PUBLISHED_BY,layer,2
PUBLISHED_BY,policy_version,2
PUBLISHED_BY,projection_revision,2
PUBLISHED_BY,publishing_record_ids,2
PUBLISHED_BY,source,2
PUBLISHED_BY,source_urls,2
PUBLISHED_BY,updated_at,12
PUBLISHED_BY,uuid,12
PUBLISHED_BY,weight,12
RAISED,announced_date,337
RAISED,company_name,396
RAISED,created_at,396
RAISED,description,396
RAISED,description_generated_at,86
RAISED,description_input_hash,86
RAISED,description_provenance,86
RAISED,description_source,86
RAISED,description_upgrade_pending,86
RAISED,funding_type,84
RAISED,investors,74
RAISED,investors_text,28
RAISED,lead_investors,22
RAISED,size_usd,54
RAISED,source,396
RAISED,updated_at,396
RAISED,uuid,396
RAISED,weight,396
RECEIVED_HONOR,created_at,142
RECEIVED_HONOR,description,103
RECEIVED_HONOR,description_generated_at,34
RECEIVED_HONOR,description_input_hash,34
RECEIVED_HONOR,description_provenance,34
RECEIVED_HONOR,description_source,34
RECEIVED_HONOR,description_upgrade_pending,34
RECEIVED_HONOR,updated_at,142
RECEIVED_HONOR,uuid,142
RECEIVED_HONOR,valid_from,125
RECEIVED_HONOR,weight,142
RELEASED,created_at,20
RELEASED,description,20
RELEASED,description_generated_at,20
RELEASED,source,20
RELEASED,updated_at,20
RELEASED,uuid,20
RELEASED,weight,20
RELEASED_ON,created_at,113
RELEASED_ON,description,113
RELEASED_ON,description_generated_at,113
RELEASED_ON,source,113
RELEASED_ON,updated_at,113
RELEASED_ON,uuid,113
RELEASED_ON,weight,113
RELEASE_OF,created_at,19
RELEASE_OF,description,19
RELEASE_OF,description_generated_at,19
RELEASE_OF,source,19
RELEASE_OF,updated_at,19
RELEASE_OF,uuid,19
RELEASE_OF,weight,19
REPORTED_TO,confidence,6
REPORTED_TO,created_at,6
REPORTED_TO,description,6
REPORTED_TO,description_generated_at,6
REPORTED_TO,description_input_hash,3
REPORTED_TO,description_provenance,3
REPORTED_TO,description_source,3
REPORTED_TO,description_upgrade_pending,3
REPORTED_TO,evidence,6
REPORTED_TO,evidence_refs,6
REPORTED_TO,provider,6
REPORTED_TO,relationship,6
REPORTED_TO,source_names,6
REPORTED_TO,source_published,6
REPORTED_TO,source_urls,6
REPORTED_TO,updated_at,6
REPORTED_TO,uuid,6
REPORTED_TO,valid_from,6
REPORTED_TO,via_domain,6
REPORTED_TO,via_entity_uuid,3
REPORTED_TO,via_key,6
REPORTED_TO,via_organization,6
REPORTED_TO,weight,6
SPECIALIZES_IN,created_at,1481
SPECIALIZES_IN,description,1481
SPECIALIZES_IN,description_generated_at,1481
SPECIALIZES_IN,description_input_hash,680
SPECIALIZES_IN,description_provenance,680
SPECIALIZES_IN,description_source,680
SPECIALIZES_IN,description_upgrade_pending,680
SPECIALIZES_IN,match_score,1274
SPECIALIZES_IN,specialty,1481
SPECIALIZES_IN,updated_at,1481
SPECIALIZES_IN,uuid,1481
SPECIALIZES_IN,weight,1481
SPOKE_AT,confidence,25
SPOKE_AT,created_at,25
SPOKE_AT,description,25
SPOKE_AT,description_generated_at,25
SPOKE_AT,description_input_hash,19
SPOKE_AT,description_provenance,19
SPOKE_AT,description_source,19
SPOKE_AT,description_upgrade_pending,19
SPOKE_AT,evidence,25
SPOKE_AT,evidence_refs,25
SPOKE_AT,provider,25
SPOKE_AT,role,25
SPOKE_AT,source_names,25
SPOKE_AT,source_published,25
SPOKE_AT,source_urls,25
SPOKE_AT,title,25
SPOKE_AT,updated_at,25
SPOKE_AT,uuid,25
SPOKE_AT,valid_from,25
SPOKE_AT,weight,25
SUBSIDIARY_OF,created_at,33
SUBSIDIARY_OF,description,33
SUBSIDIARY_OF,description_generated_at,33
SUBSIDIARY_OF,source,33
SUBSIDIARY_OF,updated_at,33
SUBSIDIARY_OF,uuid,33
SUBSIDIARY_OF,weight,33
SUCCEEDED_BY,confidence,2
SUCCEEDED_BY,created_at,2
SUCCEEDED_BY,description,2
SUCCEEDED_BY,description_generated_at,2
SUCCEEDED_BY,evidence,2
SUCCEEDED_BY,evidence_refs,2
SUCCEEDED_BY,provider,2
SUCCEEDED_BY,relationship,2
SUCCEEDED_BY,source_names,2
SUCCEEDED_BY,source_published,2
SUCCEEDED_BY,source_urls,2
SUCCEEDED_BY,updated_at,2
SUCCEEDED_BY,uuid,2
SUCCEEDED_BY,valid_from,2
SUCCEEDED_BY,valid_to,1
SUCCEEDED_BY,via_domain,2
SUCCEEDED_BY,via_entity_uuid,1
SUCCEEDED_BY,via_key,2
SUCCEEDED_BY,via_organization,2
SUCCEEDED_BY,weight,2
USES_ENGINE,active,3
USES_ENGINE,chosen_fact_ids,3
USES_ENGINE,created_at,3
USES_ENGINE,description,3
USES_ENGINE,description_generated_at,3
USES_ENGINE,description_input_hash,1
USES_ENGINE,description_provenance,1
USES_ENGINE,description_source,1
USES_ENGINE,description_upgrade_pending,1
USES_ENGINE,engine_use_record_ids,3
USES_ENGINE,evidence_ids,3
USES_ENGINE,excluded_from_scoring,3
USES_ENGINE,layer,3
USES_ENGINE,policy_version,3
USES_ENGINE,projection_revision,3
USES_ENGINE,source,3
USES_ENGINE,source_urls,3
USES_ENGINE,updated_at,3
USES_ENGINE,uuid,3
USES_ENGINE,weight,3
VOLUNTEERED_AT,created_at,98
VOLUNTEERED_AT,description,56
VOLUNTEERED_AT,description_generated_at,16
VOLUNTEERED_AT,description_input_hash,16
VOLUNTEERED_AT,description_provenance,16
VOLUNTEERED_AT,description_source,16
VOLUNTEERED_AT,description_upgrade_pending,16
VOLUNTEERED_AT,is_current,98
VOLUNTEERED_AT,title,98
VOLUNTEERED_AT,updated_at,98
VOLUNTEERED_AT,uuid,98
VOLUNTEERED_AT,valid_from,83
VOLUNTEERED_AT,valid_to,52
VOLUNTEERED_AT,weight,98
WAS_ADVISOR_TO,created_at,89
WAS_ADVISOR_TO,description,89
WAS_ADVISOR_TO,description_generated_at,10
WAS_ADVISOR_TO,description_input_hash,10
WAS_ADVISOR_TO,description_provenance,10
WAS_ADVISOR_TO,description_source,10
WAS_ADVISOR_TO,description_upgrade_pending,10
WAS_ADVISOR_TO,seniority_level,89
WAS_ADVISOR_TO,source,89
WAS_ADVISOR_TO,title,89
WAS_ADVISOR_TO,total_roles,89
WAS_ADVISOR_TO,updated_at,89
WAS_ADVISOR_TO,uuid,89
WAS_ADVISOR_TO,valid_from,89
WAS_ADVISOR_TO,valid_to,89
WAS_ADVISOR_TO,weight,89
WON_AWARD,created_at,102
WON_AWARD,updated_at,102
WON_AWARD,uuid,102
WON_AWARD,weight,102
WORKED_AT,created_at,1693
WORKED_AT,description,1693
WORKED_AT,description_generated_at,315
WORKED_AT,description_input_hash,315
WORKED_AT,description_provenance,315
WORKED_AT,description_source,315
WORKED_AT,description_upgrade_pending,315
WORKED_AT,seniority_level,1693
WORKED_AT,source,1693
WORKED_AT,title,1693
WORKED_AT,total_roles,1693
WORKED_AT,updated_at,1693
WORKED_AT,uuid,1693
WORKED_AT,valid_from,1693
WORKED_AT,valid_to,1693
WORKED_AT,weight,1693
WORKED_ON,active,4
WORKED_ON,character_names,2
WORKED_ON,chosen_fact_ids,4
WORKED_ON,created_at,195
WORKED_ON,credit_coverage,4
WORKED_ON,credit_record_ids,4
WORKED_ON,description,195
WORKED_ON,description_generated_at,195
WORKED_ON,evidence_ids,4
WORKED_ON,excluded_from_scoring,4
WORKED_ON,layer,4
WORKED_ON,policy_version,4
WORKED_ON,projection_revision,4
WORKED_ON,resolution_method,4
WORKED_ON,role,191
WORKED_ON,role_labels,4
WORKED_ON,roles,4
WORKED_ON,source,195
WORKED_ON,source_urls,4
WORKED_ON,updated_at,195
WORKED_ON,uuid,195
WORKED_ON,weight,195
WORKS_AT,created_at,1136
WORKS_AT,description,1136
WORKS_AT,description_generated_at,217
WORKS_AT,description_input_hash,217
WORKS_AT,description_provenance,217
WORKS_AT,description_source,217
WORKS_AT,description_upgrade_pending,217
WORKS_AT,seniority_level,1136
WORKS_AT,source,1136
WORKS_AT,title,1135
WORKS_AT,total_roles,1136
WORKS_AT,updated_at,1136
WORKS_AT,uuid,1136
WORKS_AT,valid_from,1102
WORKS_AT,valid_to,33
WORKS_AT,weight,1136
